"","B/AICHI/7/1998","B/ALGERIA/G-486/2010","B/ALGERIA/G486/2010","B/BANGKOK/163/1990","B/BANGLADESH/3333/2007","B/BANGLADESH/3333/2008","B/BARCELONA/143/2008","B/BEIJING/184/1993","B/BRISBANE/3/2007","B/EGYPT/144/2005","B/ENGLAND/145/2008","B/ESTONIA/55669/2011","B/FLORIDA/4/2006","B/FLORIDA/7/2004","B/FLORIDA/7/2005","B/GUANGDONG/120/2000","B/HARBIN/7/1994","B/HONG-KONG/3577/2012","B/HONGKONG/22/1989","B/JIANGSU/10/2003","B/JOHANNESBURG/69/2001","B/LUSAKA/270/1999","B/LUSAKA/432/1999","B/MASSACHUSETTS/2/2012","B/MIE/1/1993","B/NIEDERSACHSEN/1/2010","B/NOVOSIBIRSK/1/2012","B/SENDAI/114/2007","B/SERBIA/1894/2011","B/SHANGHAI/361/2002","B/SHIGA/T30/1998","B/SHIZUOKA/15/2001","B/SICHUAN/379/1999","B/STOCKHOLM/12/2011","B/VALLADOLID/18/2008","B/VICTORIA/502/2004","B/WISCONSIN/1/2010","B/YAMAGATA/16/1988","B/YAMAGATA/552/2001","B/YAMAGATA/K501/2001","B/YAMAGATA/K515/2001","B/YAMANASHI/166/1998"
"B/Aichi/1/1991_1991.0_x_x_YAM","128","*","*","*","*","*","*","*","*","*","*","*","*","*","*","*","*","*","*","*","*","512","256","*","256","*","*","*","*","*","*","*","*","*","*","*","*","*","*","*","*","*"
"B/Algeria/G486/2010_2010.0_x_x_YAM","*","*","640","*","160","*","*","*","320","160","320","*","5120","*","*","*","*","*","*","*","*","*","*","*","*","*","*","*","*","*","*","*","*","*","320","*","80","*","*","*","*","*"
"B/Arizona/135/2005_2005.0_x_x_YAM","*","*","*","*","*","*","*","*","*","*","*","*","*","640","*","*","*","*","*","*","*","*","*","*","*","*","*","*","*","*","*","*","160","*","*","*","*","*","*","*","*","*"
"B/Bangkok/163/1990_1990.0_x_x_YAM","*","*","*","2048","*","*","*","10","*","*","*","*","*","*","*","*","640","*","40","*","*","*","*","*","32","*","*","*","*","*","*","*","*","*","*","*","*","80","*","*","*","*"
"B/Bangladesh/3333/2007_2007.0_x_x_YAM","*","*","40","*","80","*","10","*","160","40","20","10","5120","*","*","*","*","*","*","*","*","*","*","*","*","40","*","40","40","*","*","*","*","320","10","*","320","*","*","*","*","*"
"B/Barcelona/143/2008_2008.0_x_x_YAM","*","*","*","*","320","*","320","*","320","80","160","*","80","*","*","*","*","*","*","40","*","*","*","*","*","*","*","320","*","*","*","*","*","*","320","*","*","*","*","*","*","*"
"B/Beijing/184/1993_1993.0_x_x_YAM","*","*","*","20","*","*","*","320","*","*","*","*","*","*","*","*","640","*","10","*","*","*","*","*","160","*","*","*","*","*","*","*","320","*","*","*","*","<40","*","*","*","*"
"B/Brisbane/1/2008_2008.0_x_x_YAM","*","*","*","*","80","*","<10","*","640","80","40","*","160","*","*","*","*","*","*","*","*","*","*","*","*","*","*","320","*","*","*","*","*","*","10","*","*","*","*","*","*","*"
"B/Brisbane/3/2007_2007.0_x_x_YAM","*","*","40","*","320","*","10","*","640","160","40","320","640","320","*","*","*","320","*","20","*","*","*","1280","*","40","40","320","20","320","*","*","80","640","<10","*","80","*","*","*","*","*"
"B/Brisbane/4/2004_2004.0_x_x_YAM","*","*","*","*","*","*","*","*","*","*","*","*","*","*","*","*","*","*","*","<40","*","*","*","*","*","*","*","*","*","160","*","*","80","*","*","*","*","*","*","*","*","*"
"B/Brisbane/5/2004_2004.0_x_x_YAM","*","*","*","*","*","*","*","*","*","*","*","*","*","*","*","*","*","*","*","<40","*","*","*","*","*","*","*","*","*","160","*","*","80","*","*","*","*","*","*","*","*","*"
"B/Brisbane/9/2008_2008.0_x_x_YAM","*","*","*","*","80","*","10","*","160","40","40","*","40","*","*","*","*","*","*","*","*","*","*","*","*","*","*","80","*","*","*","*","*","*","10","*","*","*","*","*","*","*"
"B/Bucharest/795/2003_2003.0_x_x_YAM","*","*","*","*","*","*","*","*","*","*","*","*","*","*","*","*","*","*","*","*","*","*","*","*","*","*","*","*","*","*","*","*","160","*","*","*","*","*","*","*","*","*"
"B/Chanthaburi/218/2003_2003.0_x_x_YAM","*","*","*","*","*","*","*","*","*","*","*","*","*","*","*","*","*","*","*","*","*","*","*","*","*","*","*","*","*","*","*","*","160","*","*","*","*","*","*","*","*","*"
"B/Chelyabinsk/306/2007_2007.0_x_x_YAM","*","*","*","*","*","*","*","*","*","640","*","*","*","640","*","*","*","*","*","320","*","*","*","*","*","*","*","*","*","160","*","*","320","*","*","*","*","*","*","*","*","*"
"B/Chongqing/18/2007_2007.0_x_x_YAM","*","*","*","*","*","*","*","*","*","80","*","*","160","160","*","*","*","*","*","10","*","*","*","*","*","*","*","*","*","80","*","*","<40","*","*","*","*","*","*","*","*","*"
"B/Colorado/4/2004_2004.0_x_x_YAM","*","*","*","*","*","*","*","*","*","*","*","*","*","*","*","*","*","*","*","<40","*","*","*","*","*","*","*","*","*","320","*","*","320","*","*","*","*","*","*","*","*","*"
"B/Dakar/6/2008_2008.0_x_x_YAM","*","*","*","*","640","*","320","*","640","160","640","*","640","*","*","*","*","*","*","*","*","*","*","*","*","*","*","*","*","*","*","*","*","*","320","*","*","*","*","*","*","*"
"B/Egypt/144/2005_2005.0_x_x_YAM","*","*","20","*","160","*","10","*","1280","320","160","160","320","640","320","*","*","*","*","40","*","*","*","*","*","40","*","160","20","640","*","*","640","640","10","*","160","*","*","*","*","*"
"B/Ekaterinburg/1/2008_2008.0_x_x_YAM","*","*","*","*","*","*","*","*","160","160","*","*","80","160","*","*","*","*","*","80","*","*","*","*","*","*","*","160","*","*","*","*","40","*","*","*","*","*","*","*","*","*"
"B/England/110/2010_2010.0_x_x_YAM","*","*","1280","*","160","*","*","*","160","160","160","*","5120","*","*","*","*","*","*","*","*","*","*","*","*","*","*","*","*","*","*","*","*","*","*","*","160","*","*","*","*","*"
"B/England/23/2004_2004.0_x_x_YAM","*","*","*","*","*","*","*","*","*","*","*","*","*","*","*","*","*","*","*","320","*","*","*","*","*","*","*","*","*","320","*","*","160","*","*","*","*","*","*","*","*","*"
"B/Finland/231/2003_2003.0_x_x_YAM","*","*","*","*","*","*","*","*","*","*","*","*","*","*","*","*","*","*","*","*","*","*","*","*","*","*","*","*","*","*","*","*","80","*","*","*","*","*","*","*","*","*"
"B/Finland/767/2006_2006.0_x_x_YAM","*","*","*","*","*","*","*","*","*","160","*","*","*","*","320","*","*","*","*","160","*","*","*","*","*","*","*","*","*","160","*","*","80","*","*","*","*","*","*","*","*","*"
"B/Florida/4/2006_2006.0_x_x_YAM","*","*","*","*","160","*","<10","*","1280","160","40","160","640","320","*","*","*","320","*","40","*","*","*","1280","*","*","40","640","10","80","*","*","160","640","10","*","320","*","*","*","*","*"
"B/Florida/7/2004_2004.0_x_x_YAM","*","*","*","*","*","*","*","*","640","640","*","*","640","1280","*","*","*","*","*","20","*","*","*","*","*","*","*","640","*","160","*","*","160","*","*","640","*","*","*","*","*","*"
"B/Fujian/430/2004_2004.0_x_x_YAM","*","*","*","*","*","*","*","*","*","*","*","*","*","*","*","*","*","*","*","<40","*","*","*","*","*","*","*","*","*","160","*","*","80","*","*","*","*","*","*","*","*","*"
"B/Genoa/12/2002_2002.0_x_x_YAM","*","*","*","*","*","*","*","*","*","*","*","*","*","*","*","640","*","*","*","*","*","*","*","*","*","*","*","*","*","*","*","*","320","*","*","*","*","*","*","*","*","*"
"B/Genoa/48/2002_2002.0_x_x_YAM","*","*","*","*","*","*","*","*","*","*","*","*","*","*","*","320","*","*","*","*","*","*","*","*","*","*","*","*","*","*","*","*","320","*","*","*","*","*","*","*","*","*"
"B/Genoa/5/2002_2002.0_x_x_YAM","*","*","*","*","*","*","*","*","*","*","*","*","*","*","*","640","*","*","*","*","*","*","*","*","*","*","*","*","*","*","*","*","320","*","*","*","*","*","*","*","*","*"
"B/Genoa/56/2002_2002.0_x_x_YAM","*","*","*","*","*","*","*","*","*","*","*","*","*","*","*","160","*","*","*","*","*","*","*","*","*","*","*","*","*","*","*","*","160","*","*","*","*","*","*","*","*","*"
"B/Genova/30/2002_2002.0_x_x_YAM","*","*","*","*","*","*","*","*","*","*","*","*","*","*","*","*","*","*","*","*","*","*","*","*","*","*","*","*","*","*","*","*","320","*","*","*","*","*","*","*","*","*"
"B/Ghana/FS-11-1827/2011_2011.0_x_x_YAM","*","*","*","*","40","*","*","*","80","40","40","80","160","*","*","*","*","*","*","*","*","*","*","*","*","*","*","*","320","*","*","*","*","320","*","*","20","*","*","*","*","*"
"B/Ghana/FS-11-1994/2011_2011.0_x_x_YAM","*","*","*","*","20","*","*","*","<40","<40","10","40","640","*","*","*","*","*","*","*","*","*","*","*","*","*","*","*","80","*","*","*","*","160","*","*","<10","*","*","*","*","*"
"B/Ghana/FS-11-1995/2011_2011.0_x_x_YAM","*","*","*","*","40","*","*","*","160","40","40","80","2560","*","*","*","*","*","*","*","*","*","*","*","*","*","*","*","160","*","*","*","*","320","*","*","40","*","*","*","*","*"
"B/Guangdong/120/2000_2000.0_x_x_YAM","*","*","*","*","*","*","*","*","*","*","*","*","*","*","*","640","*","*","*","*","*","*","*","*","*","*","*","*","*","*","*","*","320","*","*","*","*","*","*","*","*","*"
"B/Harbin/7/1994_1994.0_x_x_YAM","*","*","*","20","*","*","*","80","*","*","*","*","*","*","*","*","1280","*","10","*","*","*","*","*","80","*","*","*","*","*","*","*","1280","*","*","*","*","1280","*","*","*","1280"
"B/Hebei/19/1994_1994.0_x_x_YAM","*","*","*","20","*","*","*","80","*","*","*","*","*","*","*","*","320","*","10","*","*","*","*","*","320","*","*","*","*","*","*","*","*","*","*","*","*","20","*","*","*","*"
"B/Hebei/3/1994_1994.0_x_x_YAM","*","*","*","20","*","*","*","10","*","*","*","*","*","*","*","*","40","*","20","*","*","*","*","*","640","*","*","*","*","*","*","*","*","*","*","*","*","40","*","*","*","*"
"B/HongKong/1127/2011_2011.0_x_x_YAM","*","*","*","*","320","*","*","*","640","160","80","320","5120","*","*","*","*","*","*","*","*","*","*","*","*","*","*","*","320","*","*","*","*","640","*","*","160","*","*","*","*","*"
"B/HongKong/14/1988_1988.0_x_x_YAM","*","*","*","*","*","*","*","*","*","*","*","*","*","*","*","*","*","*","*","*","*","*","*","*","*","*","*","*","*","*","*","*","*","*","*","*","*","1280","*","*","*","*"
"B/HongKong/1832/2010_2010.0_x_x_YAM","*","*","320","*","160","*","*","*","160","160","160","*","160","*","*","*","*","*","*","*","*","*","*","*","*","*","*","*","*","*","*","*","*","*","320","*","*","*","*","*","*","*"
"B/HongKong/1895/2010_2010.0_x_x_YAM","*","*","160","*","10","*","*","*","<40","160","40","*","80","*","*","*","*","*","*","*","*","*","*","*","*","*","*","*","*","*","*","*","*","*","320","*","*","*","*","*","*","*"
"B/HongKong/2188/2010_2010.0_x_x_YAM","*","*","640","*","80","*","*","*","320","80","160","*","5120","*","*","*","*","*","*","*","*","*","*","*","*","*","*","*","*","*","*","*","*","*","*","*","160","*","*","*","*","*"
"B/HongKong/2190/2010_2010.0_x_x_YAM","*","*","640","*","160","*","*","*","320","80","160","*","5120","*","*","*","*","*","*","*","*","*","*","*","*","*","*","*","*","*","*","*","*","*","*","*","160","*","*","*","*","*"
"B/HongKong/22/1989_1989.0_x_x_YAM","*","*","*","80","*","*","*","10","*","*","*","*","*","*","*","*","640","*","80","*","*","*","*","*","20","*","*","*","*","*","*","*","*","*","*","*","*","20","*","*","*","*"
"B/HongKong/251/2009_2009.0_x_x_YAM","*","*","*","*","160","*","*","*","80","80","80","*","80","*","*","*","*","*","*","*","*","*","*","*","*","*","*","*","*","*","*","*","*","*","160","*","*","*","*","*","*","*"
"B/HongKong/441/2007_2007.0_x_x_YAM","*","*","*","*","*","*","*","*","*","640","*","*","*","640","*","*","*","*","*","320","*","*","*","*","*","*","*","*","*","160","*","*","160","*","*","*","*","*","*","*","*","*"
"B/HongKong/542/2009_2009.0_x_x_YAM","*","*","*","*","320","*","*","*","160","80","160","*","160","*","*","*","*","*","*","*","*","*","*","*","*","*","*","*","*","*","*","*","*","*","160","*","*","*","*","*","*","*"
"B/Indiana/1/2008_2008.0_x_x_YAM","*","*","*","*","80","*","<10","*","80","<40","20","*","<40","*","*","*","*","*","*","*","*","*","*","*","*","*","*","<40","*","*","*","*","*","*","10","*","*","*","*","*","*","*"
"B/Israel/20/2011_2011.0_x_x_YAM","*","*","*","*","80","*","*","*","320","40","40","160","320","*","*","*","*","*","*","*","*","*","*","*","*","*","*","*","320","*","*","*","*","320","*","*","40","*","*","*","*","*"
"B/Jeju/2787/2007_2007.0_x_x_YAM","*","*","*","*","*","*","*","*","*","320","*","*","*","320","*","*","*","*","*","80","*","*","*","*","*","*","*","*","*","80","*","*","40","*","*","*","*","*","*","*","*","*"
"B/Jiangsu/10/2003_2003.0_x_x_YAM","*","*","*","*","*","*","<10","*","80","40","40","*","40","160","80","*","*","*","*","640","*","*","*","*","*","*","*","40","*","80","*","*","80","*","10","40","*","*","*","*","*","*"
"B/Johannesburg/1197/2007_2007.0_x_x_YAM","*","*","*","*","*","*","*","*","*","160","*","*","320","640","*","*","*","*","*","160","*","*","*","*","*","*","*","*","*","80","*","*","80","*","*","*","*","*","*","*","*","*"
"B/Johannesburg/23/2010_2010.0_x_x_YAM","*","*","1280","*","320","*","*","*","320","160","320","*","160","*","*","*","*","*","*","*","*","*","*","*","*","*","*","*","*","*","*","*","*","*","160","*","*","*","*","*","*","*"
"B/Johannesburg/40/2010_2010.0_x_x_YAM","*","*","1280","*","320","*","*","*","320","160","320","*","5120","*","*","*","*","*","*","*","*","*","*","*","*","*","*","*","*","*","*","*","*","*","160","*","*","*","*","*","*","*"
"B/Johannesburg/439/2006_2006.0_x_x_YAM","*","*","*","*","*","*","*","*","*","*","*","*","*","160","*","*","*","*","*","20","*","*","*","*","*","*","*","*","*","160","*","*","*","*","*","80","*","*","*","*","*","*"
"B/Johannesburg/69/2001_2001.0_x_x_YAM","*","*","*","*","*","*","*","*","*","*","*","*","*","*","*","*","*","*","*","*","320","*","*","*","*","*","*","*","*","*","*","1280","320","*","*","*","*","*","*","*","*","*"
"B/Johannesburg/90/2007_2007.0_x_x_YAM","*","*","*","*","*","*","*","*","*","80","*","*","*","160","*","*","*","*","*","80","*","*","*","*","*","*","*","*","*","80","*","*","40","*","*","*","*","*","*","*","*","*"
"B/Kadoma/122/1999_1999.0_x_x_YAM","*","*","*","*","*","*","*","*","*","*","*","*","*","*","*","*","*","*","*","*","*","*","*","*","*","*","*","*","*","*","*","*","*","*","*","*","*","*","*","*","*","320"
"B/Kadoma/409/2000_2000.0_x_x_YAM","*","*","*","*","*","*","*","*","*","*","*","*","*","*","*","*","*","*","*","*","*","*","*","*","*","*","*","*","*","*","*","*","*","*","*","*","*","*","*","*","*","160"
"B/Kadoma/506/1999_1999.0_x_x_YAM","*","*","*","*","*","*","*","*","*","*","*","*","*","*","*","*","*","*","*","*","*","*","*","*","*","*","*","*","*","*","*","*","*","*","*","*","*","*","*","*","*","320"
"B/Kobe/1/1994_1994.0_x_x_YAM","*","*","*","40","*","*","*","40","*","*","*","*","*","*","*","*","320","*","40","*","*","*","*","*","320","*","*","*","*","*","*","*","*","*","*","*","*","80","*","*","*","*"
"B/Lisbon/1/2004_2004.0_x_x_YAM","*","*","*","*","*","*","*","*","*","*","*","*","*","*","*","*","*","*","*","320","*","*","*","*","*","*","*","*","*","320","*","*","160","*","*","*","*","*","*","*","*","*"
"B/Lisbon/2/2005_2005.0_x_x_YAM","*","*","*","*","*","*","*","*","*","*","*","*","*","*","*","*","*","*","*","160","*","*","*","*","*","*","*","*","*","160","*","*","80","*","*","*","*","*","*","*","*","*"
"B/Lisbon/3/2005_2005.0_x_x_YAM","*","*","*","*","*","*","*","*","*","*","*","*","*","*","*","*","*","*","*","80","*","*","*","*","*","*","*","*","*","160","*","*","80","*","*","*","*","*","*","*","*","*"
"B/Lusaka/270/1999_1999.0_x_x_YAM","128","*","*","*","*","*","*","*","*","*","*","*","*","*","*","*","*","*","*","*","*","512","128","*","128","*","*","*","*","*","*","*","*","*","*","*","*","*","*","*","*","*"
"B/Lusaka/432/1999_1999.0_x_x_YAM","128","*","*","*","*","*","*","*","*","*","*","*","*","*","*","*","*","*","*","*","*","512","128","*","256","*","*","*","*","*","*","*","*","*","*","*","*","*","*","*","*","*"
"B/Lyon/1283/2007_2007.0_x_x_YAM","*","*","*","*","*","*","*","*","160","320","*","*","160","160","*","*","*","*","*","80","*","*","*","*","*","*","*","*","*","*","*","*","40","*","*","*","*","*","*","*","*","*"
"B/Macau/131/2004_2004.0_x_x_YAM","*","*","*","*","*","*","*","*","*","*","*","*","*","*","*","*","*","*","*","*","*","*","*","*","*","*","*","*","*","640","*","*","*","*","*","*","*","*","*","*","*","*"
"B/Mashad/6/2009_2009.0_x_x_YAM","*","*","*","*","160","*","*","*","160","80","80","*","80","*","*","*","*","*","*","*","*","*","*","*","*","*","*","*","*","*","*","*","*","*","160","*","*","*","*","*","*","*"
"B/Mauritius/481/2007_2007.0_x_x_YAM","*","*","*","*","*","*","*","*","*","160","*","*","1280","640","*","*","*","*","*","80","*","*","*","*","*","*","*","*","*","80","*","*","40","*","*","*","*","*","*","*","*","*"
"B/Mie/1/1993_1993.0_x_x_YAM","128","*","*","256","*","*","*","160","*","*","*","*","*","*","*","*","640","*","20","*","*","512","256","*","512","*","*","*","*","*","*","*","*","*","*","*","*","640","*","*","*","*"
"B/Milano/66/2004_2004.0_x_x_YAM","*","*","*","*","*","*","*","*","*","*","*","*","*","*","*","*","*","*","*","320","*","*","*","*","*","*","*","*","*","320","*","*","160","*","*","*","*","*","*","*","*","*"
"B/NewYork/47/2001_2001.0_x_x_YAM","*","*","*","*","*","*","*","*","*","*","*","*","*","*","*","*","*","*","*","*","320","*","*","*","*","*","*","*","*","*","*","640","320","*","*","*","*","*","*","*","*","*"
"B/Niedersachsen/1/2010_2010.0_x_x_YAM","*","*","1280","*","640","*","*","*","2560","160","320","*","640","*","*","*","*","*","*","*","*","*","*","*","*","1280","*","*","*","*","*","*","*","*","*","*","160","*","*","*","*","*"
"B/Norway/1181/2010_2010.0_x_x_YAM","*","*","640","*","160","*","*","*","320","160","320","*","5120","*","*","*","*","*","*","*","*","*","*","*","*","*","*","*","*","*","*","*","*","*","*","*","160","*","*","*","*","*"
"B/Novosibirsk/2/2007_2007.0_x_x_YAM","*","*","*","*","*","*","*","*","*","160","*","*","*","160","*","*","*","*","*","40","*","*","*","*","*","*","*","*","*","80","*","*","80","*","*","*","*","*","*","*","*","*"
"B/Osaka/1201/2000_2000.0_x_x_YAM","*","*","*","*","*","*","*","*","*","*","*","*","*","*","*","*","*","*","*","*","*","*","*","*","*","*","*","*","*","*","*","*","*","*","*","*","*","*","*","*","*","160"
"B/Oslo/71/2004_2004.0_x_x_YAM","*","*","*","*","*","*","*","*","*","*","*","*","*","*","*","*","*","*","*","320","*","*","*","*","*","*","*","*","*","320","*","*","160","*","*","*","*","*","*","*","*","*"
"B/Panama/45/1990_1990.0_x_x_YAM","*","*","*","*","*","*","*","160","*","*","*","*","*","*","*","*","*","*","*","*","*","*","*","*","*","*","*","*","*","*","*","*","<40","*","*","*","*","160","*","*","*","*"
"B/Paris/1870/2011_2011.0_x_x_YAM","*","*","*","*","40","*","*","*","160","40","40","160","2560","*","*","*","*","*","*","*","*","*","*","*","*","*","*","*","320","*","*","*","*","320","*","*","40","*","*","*","*","*"
"B/Paris/1900/2011_2011.0_x_x_YAM","*","*","*","*","80","*","*","*","160","80","40","160","2560","*","*","*","*","*","*","*","*","*","*","*","*","*","*","*","320","*","*","*","*","320","*","*","40","*","*","*","*","*"
"B/Parma/5/2002_2002.0_x_x_YAM","*","*","*","*","*","*","*","*","*","*","*","*","*","*","*","*","*","*","*","*","*","*","*","*","*","*","*","*","*","*","*","*","160","*","*","*","*","*","*","*","*","*"
"B/Perth/12/2007_2007.0_x_x_YAM","*","*","*","*","*","*","*","*","*","160","*","*","640","640","*","*","*","*","*","320","*","*","*","*","*","*","*","*","*","80","*","*","40","*","*","*","*","*","*","*","*","*"
"B/Perth/204/2008_2008.0_x_x_YAM","*","*","*","*","<40","*","<10","*","160","40","80","*","40","*","*","*","*","*","*","*","*","*","*","*","*","*","*","160","*","*","*","*","*","*","<10","*","*","*","*","*","*","*"
"B/Perth/6/2008_2008.0_x_x_YAM","*","*","*","*","80","*","<10","*","640","80","40","*","160","*","*","*","*","*","*","*","*","*","*","*","*","*","*","320","*","*","*","*","*","*","<10","*","*","*","*","*","*","*"
"B/Quebec/2/2001_2001.0_x_x_YAM","*","*","*","*","*","*","*","*","*","*","*","*","*","*","*","*","320","*","*","*","*","*","*","*","*","*","*","*","*","*","*","*","1280","*","*","*","*","*","*","*","*","1280"
"B/Quebec/3/2001_2001.0_x_x_YAM","*","*","*","*","*","*","*","*","*","*","*","*","*","*","*","*","320","*","*","*","*","*","*","*","*","*","*","*","*","*","*","*","1280","*","*","*","*","*","*","*","*","1280"
"B/Quebec/4/2001_2001.0_x_x_YAM","*","*","*","*","*","*","*","*","*","*","*","*","*","*","*","*","320","*","*","*","*","*","*","*","*","*","*","*","*","*","*","*","1280","*","*","*","*","*","*","*","*","640"
"B/Quebec/6/2001_2001.0_x_x_YAM","*","*","*","*","*","*","*","*","*","*","*","*","*","*","*","*","80","*","*","*","*","*","*","*","*","*","*","*","*","*","*","*","640","*","*","*","*","*","*","*","*","640"
"B/Quebec/7/2001_2001.0_x_x_YAM","*","*","*","*","*","*","*","*","*","*","*","*","*","*","*","*","160","*","*","*","*","*","*","*","*","*","*","*","*","*","*","*","1280","*","*","*","*","*","*","*","*","1280"
"B/Quebec/8/2001_2001.0_x_x_YAM","*","*","*","*","*","*","*","*","*","*","*","*","*","*","*","*","160","*","*","*","*","*","*","*","*","*","*","*","*","*","*","*","1280","*","*","*","*","*","*","*","*","640"
"B/Quebec/9/2001_2001.0_x_x_YAM","*","*","*","*","*","*","*","*","*","*","*","*","*","*","*","*","160","*","*","*","*","*","*","*","*","*","*","*","*","*","*","*","640","*","*","*","*","*","*","*","*","640"
"B/Roma/4/2002_2002.0_x_x_YAM","*","*","*","*","*","*","*","*","*","*","*","*","*","*","*","*","*","*","*","*","*","*","*","*","*","*","*","*","*","*","*","*","160","*","*","*","*","*","*","*","*","*"
"B/Sakai/36/2011_2011.0_x_x_YAM","*","*","*","*","80","*","*","*","40","80","40","160","320","*","*","*","*","*","*","*","*","*","*","*","*","*","*","*","160","*","*","*","*","320","*","*","80","*","*","*","*","*"
"B/Santiago/5241/2008_2008.0_x_x_YAM","*","*","*","*","40","*","10","*","<40","40","40","*","<40","*","*","*","*","*","*","*","*","*","*","*","*","*","*","40","*","*","*","*","*","*","20","*","*","*","*","*","*","*"
"B/Sendai/114/2007_2007.0_x_x_YAM","*","*","*","*","<40","*","<10","*","320","160","40","*","320","160","*","*","*","*","*","20","*","*","*","*","*","*","*","320","*","80","*","*","40","*","<10","*","*","*","*","*","*","*"
"B/Serbia/1894/2011_2011.0_x_x_YAM","*","*","*","*","160","*","*","*","320","80","160","320","1280","*","*","*","*","640","*","*","*","*","*","160","*","*","160","*","320","*","*","*","*","320","*","*","80","*","*","*","*","*"
"B/Shanghai/12/1987_1987.0_x_x_YAM","*","*","*","*","*","*","*","*","*","*","*","*","*","*","*","*","*","*","*","*","*","*","*","*","*","*","*","*","*","*","*","*","*","*","*","*","*","640","*","*","*","*"
"B/Shanghai/361/2002_2002.0_x_x_YAM","*","*","*","*","*","*","*","*","*","160","*","*","320","1280","160","*","*","*","*","40","*","*","*","*","*","*","*","*","*","640","*","*","320","*","*","640","*","*","*","*","*","*"
"B/Shiga/T30/1998_1998.0_x_x_YAM","*","*","*","*","*","*","*","*","*","*","*","*","*","*","*","*","*","*","*","*","*","*","*","*","*","*","*","*","*","*","2560","*","*","*","*","*","*","*","1280","1280","160","2560"
"B/Shizuoka/15/2001_2001.0_x_x_YAM","*","*","*","*","*","*","*","*","*","*","*","*","*","*","*","*","*","*","*","*","640","*","*","*","*","*","*","*","*","*","*","1280","320","*","*","*","*","*","*","*","*","*"
"B/Sichuan/379/1999_1999.0_x_x_YAM","*","*","*","*","*","*","*","40","640","320","*","*","320","1280","160","320","160","*","*","40","320","*","*","*","*","*","*","320","*","640","*","1280","2560","*","*","*","*","<40","*","*","*","1280"
"B/Singapore/7/1988_1988.0_x_x_YAM","*","*","*","*","*","*","*","*","*","*","*","*","*","*","*","*","*","*","*","*","*","*","*","*","*","*","*","*","*","*","*","*","*","*","*","*","*","1280","*","*","*","*"
"B/Soligorsk/140/2007_2007.0_x_x_YAM","*","*","*","*","*","*","*","*","*","320","*","*","640","1280","*","*","*","*","*","320","*","*","*","*","*","*","*","*","*","640","*","*","320","*","*","*","*","*","*","*","*","*"
"B/Stockholm/4/2009_2009.0_x_x_YAM","*","*","*","*","320","*","*","*","640","160","320","*","320","*","*","*","*","*","*","*","*","*","*","*","*","*","*","*","*","*","*","*","*","*","320","*","*","*","*","*","*","*"
"B/Stockholm/6/2010_2010.0_x_x_YAM","*","*","*","*","*","*","*","*","80","*","*","20","160","*","*","*","*","40","*","*","*","*","*","*","*","*","40","*","10","*","*","*","*","40","*","*","40","*","*","*","*","*"
"B/StPetersburg/94/2008_2008.0_x_x_YAM","*","*","*","*","*","*","320","*","160","160","160","*","80","*","*","*","*","*","*","320","*","*","*","*","*","*","*","160","*","*","*","*","*","*","320","*","*","*","*","*","*","*"
"B/Switzerland/1334249/2008_2008.0_x_x_YAM","*","*","*","*","320","*","320","*","320","80","160","*","160","*","*","*","*","*","*","*","*","*","*","*","*","*","*","*","*","*","*","*","*","*","320","*","*","*","*","*","*","*"
"B/Taiwan/102/2005_2005.0_x_x_YAM","*","*","*","*","*","*","*","*","*","*","*","*","*","*","*","*","*","*","*","*","*","*","*","*","*","*","*","*","*","320","*","*","640","*","*","*","*","*","*","*","*","*"
"B/Taiwan/13/2004_2004.0_x_x_YAM","*","*","*","*","*","*","*","*","*","*","*","*","*","*","*","*","*","*","*","*","*","*","*","*","*","*","*","*","*","40","*","*","80","*","*","*","*","*","*","*","*","*"
"B/Taiwan/142/2005_2005.0_x_x_YAM","*","*","*","*","*","*","*","*","*","*","*","*","*","*","*","*","*","*","*","*","*","*","*","*","*","*","*","*","*","640","*","*","*","*","*","*","*","*","*","*","*","*"
"B/Taiwan/16/2004_2004.0_x_x_YAM","*","*","*","*","*","*","*","*","*","*","*","*","*","*","*","*","*","*","*","*","*","*","*","*","*","*","*","*","*","160","*","*","80","*","*","*","*","*","*","*","*","*"
"B/Taiwan/165/2005_2005.0_x_x_YAM","*","*","*","*","*","*","*","*","*","*","*","*","*","*","*","*","*","*","*","*","*","*","*","*","*","*","*","*","*","40","*","*","320","*","*","*","*","*","*","*","*","*"
"B/Taiwan/34/2004_2004.0_x_x_YAM","*","*","*","*","*","*","*","*","*","*","*","*","*","*","*","*","*","*","*","*","*","*","*","*","*","*","*","*","*","80","*","*","80","*","*","*","*","*","*","*","*","*"
"B/Taiwan/43/2005_2005.0_x_x_YAM","*","*","*","*","*","*","*","*","*","*","*","*","*","*","*","*","*","*","*","*","*","*","*","*","*","*","*","*","*","80","*","*","320","*","*","*","*","*","*","*","*","*"
"B/Taiwan/52/2004_2004.0_x_x_YAM","*","*","*","*","*","*","*","*","*","*","*","*","*","*","*","*","*","*","*","*","*","*","*","*","*","*","*","*","*","80","*","*","80","*","*","*","*","*","*","*","*","*"
"B/Taiwan/54/2004_2004.0_x_x_YAM","*","*","*","*","*","*","*","*","*","*","*","*","*","*","*","*","*","*","*","*","*","*","*","*","*","*","*","*","*","160","*","*","80","*","*","*","*","*","*","*","*","*"
"B/Taiwan/635/2005_2005.0_x_x_YAM","*","*","*","*","*","*","*","*","*","*","*","*","*","*","*","*","*","*","*","*","*","*","*","*","*","*","*","*","*","160","*","*","320","*","*","*","*","*","*","*","*","*"
"B/Taiwan/637/2005_2005.0_x_x_YAM","*","*","*","*","*","*","*","*","*","*","*","*","*","*","*","*","*","*","*","*","*","*","*","*","*","*","*","*","*","160","*","*","320","*","*","*","*","*","*","*","*","*"
"B/Taiwan/68/2004_2004.0_x_x_YAM","*","*","*","*","*","*","*","*","*","*","*","*","*","*","*","*","*","*","*","*","*","*","*","*","*","*","*","*","*","80","*","*","80","*","*","*","*","*","*","*","*","*"
"B/Taiwan/69/2004_2004.0_x_x_YAM","*","*","*","*","*","*","*","*","*","*","*","*","*","*","*","*","*","*","*","*","*","*","*","*","*","*","*","*","*","160","*","*","80","*","*","*","*","*","*","*","*","*"
"B/Taiwan/7/1988_1988.0_x_x_YAM","*","*","*","*","*","*","*","*","*","*","*","*","*","*","*","*","*","*","*","*","*","*","*","*","*","*","*","*","*","*","*","*","*","*","*","*","*","1280","*","*","*","*"
"B/Taiwan/79/2006_2006.0_x_x_YAM","*","*","*","*","*","*","*","*","*","320","*","*","*","320","*","*","*","*","*","20","*","*","*","*","*","*","*","*","*","160","*","*","80","*","*","80","*","*","*","*","*","*"
"B/Taiwan/81/2005_2005.0_x_x_YAM","*","*","*","*","*","*","*","*","*","*","*","*","*","*","*","*","*","*","*","*","*","*","*","*","*","*","*","*","*","160","*","*","320","*","*","*","*","*","*","*","*","*"
"B/Taiwan/97271/2001_2001.0_x_x_YAM","*","*","*","*","*","*","*","*","*","*","*","*","*","*","*","*","*","*","*","*","320","*","*","*","*","*","*","*","*","*","*","640","160","*","*","*","*","*","*","*","*","*"
"B/Taiwan/98/2005_2005.0_x_x_YAM","*","*","*","*","*","*","*","*","*","*","*","*","*","*","*","*","*","*","*","*","*","*","*","*","*","*","*","*","*","160","*","*","640","*","*","*","*","*","*","*","*","*"
"B/Tehran/8/2009_2009.0_x_x_YAM","*","*","*","*","80","*","*","*","160","80","80","*","40","*","*","*","*","*","*","*","*","*","*","*","*","*","*","*","*","*","*","*","*","*","80","*","*","*","*","*","*","*"
"B/Texas/3/2002_2002.0_x_x_YAM","*","*","*","*","*","*","*","*","*","*","*","*","*","*","*","*","*","*","*","*","320","*","*","*","*","*","*","*","*","*","*","1280","640","*","*","*","*","*","*","*","*","*"
"B/Texas/6/2011_2011.0_x_x_YAM","*","*","*","*","40","*","*","*","160","40","80","<10","1280","*","*","*","*","*","*","*","*","*","*","*","*","*","*","*","<10","*","*","*","*","160","*","*","20","*","*","*","*","*"
"B/Tokushima/101/1993_1993.0_x_x_YAM","*","*","*","320","*","*","*","20","*","*","*","*","*","*","*","*","80","*","80","*","*","*","*","*","160","*","*","*","*","*","*","*","*","*","*","*","*","160","*","*","*","*"
"B/Tokyo/942/1996_1996.0_x_x_YAM","*","*","*","40","*","*","*","40","*","*","*","*","*","*","*","*","80","*","20","*","*","*","*","*","40","*","*","*","*","*","*","*","*","*","*","*","*","80","*","*","*","320"
"B/Tottori/3/2008_2008.0_x_x_YAM","*","*","*","*","160","*","160","*","160","80","80","*","160","*","*","*","*","*","*","*","*","*","*","*","*","*","*","80","*","*","*","*","*","*","160","*","*","*","*","*","*","*"
"B/Trento/3/2002_2002.0_x_x_YAM","*","*","*","*","*","*","*","*","*","*","*","*","*","*","*","*","*","*","*","*","*","*","*","*","*","*","*","*","*","*","*","*","160","*","*","*","*","*","*","*","*","*"
"B/Trieste/23/2005_2005.0_x_x_YAM","*","*","*","*","*","*","*","*","*","160","*","*","*","*","*","*","*","*","*","80","*","*","*","*","*","*","*","*","*","80","*","*","40","*","*","*","*","*","*","*","*","*"
"B/Trieste/7/2002_2002.0_x_x_YAM","*","*","*","*","*","*","*","*","*","*","*","*","*","*","*","640","*","*","*","*","*","*","*","*","*","*","*","*","*","*","*","*","320","*","*","*","*","*","*","*","*","*"
"B/Turkey/17/2011_2011.0_x_x_YAM","*","*","*","*","320","*","*","*","80","160","80","320","320","*","*","*","*","*","*","*","*","*","*","*","*","*","*","*","320","*","*","*","*","320","*","*","80","*","*","*","*","*"
"B/Turkey/TR-35/2009_2009.0_x_x_YAM","*","*","*","*","80","*","*","*","40","40","80","*","40","*","*","*","*","*","*","*","*","*","*","*","*","*","*","*","*","*","*","*","*","*","80","*","*","*","*","*","*","*"
"B/Turkey/TR-37/2009_2009.0_x_x_YAM","*","*","*","*","80","*","*","*","40","40","80","*","1280","*","*","*","*","*","*","*","*","*","*","*","*","*","*","*","*","*","*","*","*","*","80","*","*","*","*","*","*","*"
"B/Ulaanbaatar/1798/2008_2008.0_x_x_YAM","*","*","*","*","<40","*","<10","*","40","<40","40","*","<40","*","*","*","*","*","*","*","*","*","*","*","*","*","*","40","*","*","*","*","*","*","<10","*","*","*","*","*","*","*"
"B/Valladolid/18/2008_2008.0_x_x_YAM","*","*","*","*","160","*","80","*","<10","80","80","*","1280","*","*","*","*","*","*","40","*","*","*","*","*","*","*","80","*","*","*","*","*","*","160","*","*","*","*","*","*","*"
"B/Victoria/508/2004_2004.0_x_x_YAM","*","*","*","*","*","*","*","*","*","*","*","*","*","*","*","*","*","*","*","<40","*","*","*","*","*","*","*","*","*","160","*","*","80","*","*","*","*","*","*","*","*","*"
"B/Waikato/1/2006_2006.0_x_x_YAM","*","*","*","*","*","*","*","*","*","*","*","*","*","160","*","*","*","*","*","20","*","*","*","*","*","*","*","*","*","160","*","*","*","*","*","160","*","*","*","*","*","*"
"B/Wisconsin/1/2010_2010.0_x_x_YAM","*","*","40","*","40","*","*","*","320","160","40","10","320","*","*","*","*","80","*","*","*","*","*","40","*","160","80","*","40","*","*","*","*","640","10","*","80","*","*","*","*","*"
"B/Yamagata/16/1988_1988.0_x_x_YAM","128","*","*","80","*","*","*","160","*","*","*","*","*","*","*","*","1280","*","80","*","*","256","128","*","256","*","*","*","*","*","*","*","<40","*","*","*","*","1280","*","*","*","*"
"B/Yamagata/K298/2001_2001.0_x_x_YAM","*","*","*","*","*","*","*","*","*","*","*","*","*","*","*","*","*","*","*","*","*","*","*","*","*","*","*","*","*","*","2560","*","*","*","*","*","*","*","5120","1280","160","2560"
"B/Yamagata/K490/2001_2001.0_x_x_YAM","*","*","*","*","*","*","*","*","*","*","*","*","*","*","*","*","*","*","*","*","*","*","*","*","*","*","*","*","*","*","640","*","*","*","*","*","*","*","5120","320","640","640"
"B/Yamagata/K501/2001_2001.0_x_x_YAM","*","*","*","*","*","*","*","*","*","*","*","*","*","*","*","*","*","*","*","*","*","*","*","*","*","*","*","*","*","*","2560","*","*","*","*","*","*","*","5120","2560","320","5120"
"B/Yamagata/K508/2001_2001.0_x_x_YAM","*","*","*","*","*","*","*","*","*","*","*","*","*","*","*","*","*","*","*","*","*","*","*","*","*","*","*","*","*","*","640","*","*","*","*","*","*","*","2560","640","320","640"
"B/Yamagata/K515/2001_2001.0_x_x_YAM","*","*","*","*","*","*","*","*","*","*","*","*","*","*","*","*","*","*","*","*","*","*","*","*","*","*","*","*","*","*","640","*","*","*","*","*","*","*","5120","320","640","640"
"B/Yamagata/K520/2001_2001.0_x_x_YAM","*","*","*","*","*","*","*","*","*","*","*","*","*","*","*","*","*","*","*","*","*","*","*","*","*","*","*","*","*","*","2560","*","*","*","*","*","*","*","5120","2560","320","2560"
"B/Yamagata/K521/2001_2001.0_x_x_YAM","*","*","*","*","*","*","*","*","*","*","*","*","*","*","*","*","*","*","*","*","*","*","*","*","*","*","*","*","*","*","640","*","*","*","*","*","*","*","2560","640","320","640"
"B/Yamagata/K535/2001_2001.0_x_x_YAM","*","*","*","*","*","*","*","*","*","*","*","*","*","*","*","*","*","*","*","*","*","*","*","*","*","*","*","*","*","*","640","*","*","*","*","*","*","*","5120","320","1280","640"
"B/Yamanashi/166/1998_1998.0_x_x_YAM","*","*","*","*","*","*","*","*","*","*","*","*","*","*","*","*","640","*","*","*","*","*","*","*","*","*","*","*","*","*","2560","*","2560","*","*","*","*","*","1280","1280","160","2560"
"B/Yopougon/GR852/2011_2011.0_x_x_YAM","*","*","*","*","40","*","*","*","80","<40","20","160","1280","*","*","*","*","*","*","*","*","*","*","*","*","*","*","*","160","*","*","*","*","320","*","*","20","*","*","*","*","*"
"B/Zahedan/7/2009_2009.0_x_x_YAM","*","*","*","*","80","*","*","*","160","80","80","*","80","*","*","*","*","*","*","*","*","*","*","*","*","*","*","*","*","*","*","*","*","*","80","*","*","*","*","*","*","*"
"Sanger-2989_B/England/145/2008_2008.0_United-Kingdom_EuropeWestern_YAM","*","*","*","*","20","*","*","*","<10","<10","80","<40","160","*","*","*","*","*","*","*","*","*","*","*","*","*","*","*","10","*","*","*","*","320","*","*","10","*","*","*","*","*"
"Sanger-2996_B/Bangladesh/3333/2007_2007.629_Bangladesh_AsiaSouth_YAM","*","*","*","*","320","*","*","*","40","80","40","10","5120","*","*","*","*","*","*","*","*","*","*","*","*","*","*","*","10","*","*","*","*","320","*","*","320","*","*","*","*","*"
"Sanger-3005_B/Stockholm/12/2011_2011.237_Sweden_EuropeNorthern_YAM","*","*","*","*","80","*","*","*","160","80","40","<10","320","*","*","*","*","80","*","*","*","*","*","320","*","*","80","*","80","*","*","*","*","320","*","*","40","*","*","*","*","*"
"Sanger-3008_B/Bretagne/1083/2011_2011.141_France_EuropeWestern_YAM","*","*","*","*","320","*","*","*","80","160","160","320","640","*","*","*","*","*","*","*","*","*","*","*","*","*","*","*","1280","*","*","*","*","*","*","*","160","*","*","*","*","*"
"Sanger-3009_B/Paris/1403/2011_2011.237_France_EuropeWestern_YAM","*","*","*","*","160","*","*","*","40","80","160","80","320","*","*","*","*","*","*","*","*","*","*","*","*","*","*","*","80","*","*","*","*","*","*","*","40","*","*","*","*","*"
"Sanger-3010_B/England/243/2011_2011.415_United-Kingdom_EuropeWestern_YAM","*","*","*","*","320","*","*","*","160","320","640","320","1280","*","*","*","*","*","*","*","*","*","*","*","*","*","*","*","1280","*","*","*","*","*","*","*","160","*","*","*","*","*"
"Sanger-3026_B/Konya/TR01/2010_2010.862_Turkey_AsiaSouthWest_YAM","*","*","*","*","80","*","*","*","20","80","80","80","2560","*","*","*","*","*","*","*","*","*","*","*","*","*","*","*","320","*","*","*","*","*","*","*","40","*","*","*","*","*"
"Sanger-3027_B/Adana/TR06/2010_2010.979_Turkey_AsiaSouthWest_YAM","*","*","*","*","320","*","*","*","80","40","320","320","160","*","*","*","*","*","*","*","*","*","*","*","*","*","*","*","640","*","*","*","*","*","*","*","320","*","*","*","*","*"
"Sanger-3028_B/Antalya/TR12/2011_2011.045_Turkey_AsiaSouthWest_YAM","*","*","*","*","80","*","*","*","40","20","80","80","1280","*","*","*","*","*","*","*","*","*","*","*","*","*","*","*","160","*","*","*","*","*","*","*","40","*","*","*","*","*"
"Sanger-3029_B/Ankara/TR21/2011_2011.067_Turkey_AsiaSouthWest_YAM","*","*","*","*","160","*","*","*","40","40","160","160","2560","*","*","*","*","*","*","*","*","*","*","*","*","*","*","*","320","*","*","*","*","*","*","*","80","*","*","*","*","*"
"Sanger-3057_B/Hong-Kong/748/2011_2011.459_Hong-Kong_AsiaEast_YAM","*","*","*","*","80","*","*","*","160","320","80","*","2560","*","*","*","*","*","*","*","*","*","*","*","*","*","*","*","*","*","*","*","*","*","*","*","80","*","*","*","*","*"
"Sanger-3058_B/Hong-Kong/765/2011_2011.475_Hong-Kong_AsiaEast_YAM","*","*","*","*","160","*","*","*","320","640","160","*","640","*","*","*","*","*","*","*","*","*","*","*","*","*","*","*","*","*","*","*","*","*","*","*","160","*","*","*","*","*"
"Sanger-3072_B/Lyon/1179/2011_2011.163_France_EuropeWestern_YAM","*","*","*","*","80","*","*","*","40","160","160","*","320","*","*","*","*","*","*","*","*","*","*","*","*","*","*","*","*","*","*","*","*","*","*","*","80","*","*","*","*","*"
"Sanger-3082_B/Norway/490/2011_2011.064_Norway_EuropeNorthern_YAM","*","*","*","*","320","*","*","*","640","1280","320","*","1280","*","*","*","*","*","*","*","*","*","*","*","*","*","*","*","*","*","*","*","*","*","*","*","160","*","*","*","*","*"
"Sanger-3083_B/Malmoe/1/2011_2011.229_Sweden_EuropeNorthern_YAM","*","*","*","*","160","*","*","*","320","640","160","*","5120","*","*","*","*","*","*","*","*","*","*","*","*","*","*","*","*","*","*","*","*","*","*","*","160","*","*","*","*","*"
"Sanger-3095_B/England/169/2011_2011.015_United-Kingdom_EuropeWestern_YAM","*","*","*","*","320","*","*","*","<40","1280","640","*","1280","*","*","*","*","*","*","*","*","*","*","*","*","*","*","*","*","*","*","*","*","*","*","*","320","*","*","*","*","*"
"Sanger-3096_B/England/172/2011_2011.010_United-Kingdom_EuropeWestern_YAM","*","*","*","*","320","*","*","*","<40","640","320","*","640","*","*","*","*","*","*","*","*","*","*","*","*","*","*","*","*","*","*","*","*","*","*","*","160","*","*","*","*","*"
"Sanger-3097_B/Turkey/682/2011_2011.130_Turkey_AsiaSouthWest_YAM","*","*","*","*","320","*","*","*","<40","1280","1280","*","640","*","*","*","*","*","*","*","*","*","*","*","*","*","*","*","*","*","*","*","*","*","*","*","320","*","*","*","*","*"
"Sanger-3098_B/Turkey/674/2011_2011.130_Turkey_AsiaSouthWest_YAM","*","*","*","*","80","*","*","*","<40","320","640","*","160","*","*","*","*","*","*","*","*","*","*","*","*","*","*","*","*","*","*","*","*","*","*","*","160","*","*","*","*","*"
"Sanger-3099_B/Serbia/2094_2011.182_Serbia_EuropeSouthEast_YAM","*","*","*","*","160","*","*","*","320","320","160","320","640","*","*","*","*","*","*","*","*","*","*","*","*","*","*","*","320","*","*","*","*","640","*","*","160","*","*","*","*","*"
"Sanger-3100_B/Serbia/2095_2011.201_Serbia_EuropeSouthEast_YAM","*","*","*","*","320","*","*","*","10","640","320","*","1280","*","*","*","*","*","*","*","*","*","*","*","*","*","*","*","*","*","*","*","*","*","*","*","160","*","*","*","*","*"
"Sanger-3136_B/Algeria/G44/2010_2010.815_Algeria_AfricaNorthern_YAM","*","*","*","*","*","160","*","*","320","640","160","*","320","*","*","*","*","*","*","*","*","*","*","*","*","*","*","*","*","*","*","*","*","*","*","*","160","*","*","*","*","*"
"Sanger-3137_B/Turkey/103/2011_2011.051_Turkey_AsiaSouthWest_YAM","*","*","*","*","*","40","*","*","10","160","40","*","80","*","*","*","*","*","*","*","*","*","*","*","*","*","*","*","*","*","*","*","*","*","*","*","40","*","*","*","*","*"
"Sanger-3138_B/Turkey/97/2011_2011.048_Turkey_AsiaSouthWest_YAM","*","*","*","*","*","320","*","*","640","640","320","*","640","*","*","*","*","*","*","*","*","*","*","*","*","*","*","*","*","*","*","*","*","*","*","*","320","*","*","*","*","*"
"Sanger-3139_B/Turkey/93/2011_2011.048_Turkey_AsiaSouthWest_YAM","*","*","*","*","*","320","*","*","160","640","160","*","320","*","*","*","*","*","*","*","*","*","*","*","*","*","*","*","*","*","*","*","*","*","*","*","160","*","*","*","*","*"
"Sanger-3146_B/Milano/10/2011_2011.045_Italy_EuropeSouthern_YAM","*","*","*","*","*","640","*","*","40","320","320","*","160","*","*","*","*","*","*","*","*","*","*","*","*","*","*","*","*","*","*","*","*","*","*","*","320","*","*","*","*","*"
"Sanger-3149_B/Trieste/05/2011_2011.051_Italy_EuropeSouthern_YAM","*","*","*","*","*","80","*","*","80","320","80","*","160","*","*","*","*","*","*","*","*","*","*","*","*","*","*","*","*","*","*","*","*","*","*","*","160","*","*","*","*","*"
"Sanger-3159_B/Lyon/68/2011_2011.012_France_EuropeWestern_YAM","*","*","*","*","*","320","*","*","160","320","320","*","5120","*","*","*","*","*","*","*","*","*","*","*","*","1280","*","*","*","*","*","*","*","*","*","*","320","*","*","*","*","*"
"Sanger-3162_B/England/170/2010_2010.916_United-Kingdom_EuropeWestern_YAM","*","*","*","*","*","320","*","*","80","320","320","*","640","*","*","*","*","*","*","*","*","*","*","*","*","640","*","*","*","*","*","*","*","*","*","*","320","*","*","*","*","*"
"Sanger-3163_B/England/512/2010_2010.968_United-Kingdom_EuropeWestern_YAM","*","*","*","*","*","320","*","*","320","640","320","*","1280","*","*","*","*","*","*","*","*","*","*","*","*","1280","*","*","*","*","*","*","*","*","*","*","320","*","*","*","*","*"
"Sanger-3177_B/Finland/33/2010_2010.958_Finland_EuropeNorthern_YAM","*","80","*","*","*","40","*","*","80","80","80","*","2560","*","*","*","*","*","*","*","*","*","*","*","*","*","*","*","*","*","*","*","*","*","*","*","40","*","*","*","*","*"
"Sanger-3178_B/Finland/39/2010_2010.914_Finland_EuropeNorthern_YAM","*","160","*","*","*","40","*","*","160","160","80","*","5120","*","*","*","*","*","*","*","*","*","*","*","*","*","*","*","*","*","*","*","*","*","*","*","80","*","*","*","*","*"
"Sanger-3179_B/Brussels/G0710/2010_2010.949_Belgium_EuropeWestern_YAM","*","320","*","*","*","80","*","*","80","80","160","*","160","*","*","*","*","*","*","*","*","*","*","*","*","*","*","*","*","*","*","*","*","*","*","*","40","*","*","*","*","*"
"Sanger-3180_B/Bretagne/2278/2010_2010.988_France_EuropeWestern_YAM","*","320","*","*","*","80","*","*","80","80","160","*","160","*","*","*","*","*","*","*","*","*","*","*","*","*","*","*","*","*","*","*","*","*","*","*","80","*","*","*","*","*"
"Sanger-3181_B/Paris/1850/2010_2010.911_France_EuropeWestern_YAM","*","160","*","*","*","80","*","*","40","80","80","*","160","*","*","*","*","*","*","*","*","*","*","*","*","*","*","*","*","*","*","*","*","*","*","*","40","*","*","*","*","*"
"Sanger-3187_B/Hong-Kong/2188/2010_2010.897_Hong-Kong_AsiaEast_YAM","*","640","*","*","*","80","*","*","320","80","160","*","160","*","*","*","*","*","*","*","*","*","*","*","*","*","*","*","*","*","*","*","*","*","*","*","160","*","*","*","*","*"
"Sanger-3189_B/Niedersachsen/2/2010_2010.958_Germany_EuropeWestern_YAM","*","160","*","*","*","80","*","*","40","40","80","*","80","*","*","*","*","*","*","*","*","*","*","*","*","*","*","*","*","*","*","*","*","*","*","*","40","*","*","*","*","*"
"Sanger-3190_B/Nordrhein-Westfalen/1/2010_2010.974_Germany_EuropeWestern_YAM","*","1280","*","*","*","320","*","*","640","160","320","*","5120","*","*","*","*","*","*","*","*","*","*","*","*","*","*","*","*","*","*","*","*","*","*","*","320","*","*","*","*","*"
"Sanger-3191_B/Berlin/1/2010_2010.988_Germany_EuropeWestern_YAM","*","640","*","*","*","160","*","*","160","80","160","*","160","*","*","*","*","*","*","*","*","*","*","*","*","*","*","*","*","*","*","*","*","*","*","*","160","*","*","*","*","*"
"Sanger-3192_B/Berlin/2/2010_2010.990_Germany_EuropeWestern_YAM","*","640","*","*","*","160","*","*","160","160","320","*","160","*","*","*","*","*","*","*","*","*","*","*","*","*","*","*","*","*","*","*","*","*","*","*","160","*","*","*","*","*"
"Sanger-3202_B/Tehran/5246/2010_2010.834_Iran_AsiaSouthWest_YAM","*","2560","*","*","*","320","*","*","640","80","640","*","5120","*","*","*","*","*","*","*","*","*","*","*","*","*","*","*","*","*","*","*","*","*","*","*","160","*","*","*","*","*"
"Sanger-3861_B/Netherlands/707/2011_2011.911_Netherlands_EuropeWestern_YAM","*","*","*","*","160","*","*","*","40","160","40","*","2560","*","*","*","*","*","*","*","*","*","*","*","*","*","*","*","*","*","*","*","*","*","*","*","80","*","*","*","*","*"
"Sanger-3864_B/Sweden/2/2011_2011.873_Sweden_EuropeNorthern_YAM","*","*","*","*","40","*","*","*","20","80","20","*","160","*","*","*","*","*","*","*","*","*","*","*","*","*","*","*","*","*","*","*","*","*","*","*","40","*","*","*","*","*"
"Sanger-3865_B/Berlin/147/2011_2011.916_Germany_EuropeWestern_YAM","*","*","*","*","160","*","*","*","80","80","40","*","5120","*","*","*","*","*","*","*","*","*","*","*","*","*","*","*","*","*","*","*","*","*","*","*","80","*","*","*","*","*"
"Sanger-3866_B/Yopougon/GR882/2011_2011.727_Cote-dIvoire_AfricaWestern_YAM","*","*","*","*","160","*","*","*","320","80","40","80","2560","*","*","*","*","*","*","*","*","*","*","*","*","*","*","*","160","*","*","*","*","640","*","*","160","*","*","*","*","*"
"Sanger-3867_B/Yopougon/GR926/2011_2011.738_Cote-dIvoire_AfricaWestern_YAM","*","*","*","*","80","*","*","*","160","80","160","40","2560","*","*","*","*","*","*","*","*","*","*","*","*","*","*","*","160","*","*","*","*","640","*","*","40","*","*","*","*","*"
"Sanger-3874_B/Attecoube/GR1101/2011_2011.793_Cote-dIvoire_AfricaWestern_YAM","*","*","*","*","80","*","*","*","160","80","160","80","320","*","*","*","*","*","*","*","*","*","*","*","*","*","*","*","160","*","*","*","*","640","*","*","80","*","*","*","*","*"
"Sanger-3875_B/Catalonia/S4251/2011_2011.947_Spain_EuropeSouthWest_YAM","*","*","*","*","80","*","*","*","320","80","80","80","2560","*","*","*","*","*","*","*","*","*","*","*","*","*","*","*","160","*","*","*","*","640","*","*","80","*","*","*","*","*"
"Sanger-3876_B/Catalonia/S4125/2011_2011.875_Spain_EuropeSouthWest_YAM","*","*","*","*","80","*","*","*","160","80","40","80","320","*","*","*","*","*","*","*","*","*","*","*","*","*","*","*","160","*","*","*","*","640","*","*","80","*","*","*","*","*"
"Sanger-3895_B/Dakar/05/2011_2011.705_Senegal_AfricaWestern_YAM","*","*","*","*","80","*","*","*","20","80","80","40","320","*","*","*","*","*","*","*","*","*","*","*","*","*","*","*","80","*","*","*","*","320","*","*","20","*","*","*","*","*"
"Sanger-3896_B/Dakar/08/2011_2011.708_Senegal_AfricaWestern_YAM","*","*","*","*","40","*","*","*","20","40","40","40","1280","*","*","*","*","*","*","*","*","*","*","*","*","*","*","*","80","*","*","*","*","320","*","*","20","*","*","*","*","*"
"Sanger-3897_B/Dakar/09/2011_2011.738_Senegal_AfricaWestern_YAM","*","*","*","*","40","*","*","*","40","40","40","320","2560","*","*","*","*","*","*","*","*","*","*","*","*","*","*","*","160","*","*","*","*","640","*","*","40","*","*","*","*","*"
"Sanger-3899_B/Dakar/17/2011_2011.829_Senegal_AfricaWestern_YAM","*","*","*","*","20","*","*","*","40","40","40","40","1280","*","*","*","*","*","*","*","*","*","*","*","*","*","*","*","80","*","*","*","*","640","*","*","10","*","*","*","*","*"
"Sanger-3900_B/Austria/653880/2012_2012.004_Austria_EuropeCentral_YAM","*","*","*","*","20","*","*","*","40","40","40","80","2560","*","*","*","*","*","*","*","*","*","*","*","*","*","*","*","160","*","*","*","*","320","*","*","20","*","*","*","*","*"
"Sanger-3902_B/La-Rioja/RR8959/2011_2011.988_Argentina_AmericaSouth_YAM","*","*","*","*","20","*","*","*","<10","<40","20","20","<40","*","*","*","*","*","*","*","*","*","*","*","*","*","*","*","40","*","*","*","*","320","*","*","10","*","*","*","*","*"
"Sanger-3903_B/Latvia/1-48266/2012_2012.072_Latvia_EuropeEastern_YAM","*","*","*","*","40","*","*","*","40","80","80","80","1280","*","*","*","*","*","*","*","*","*","*","*","*","*","*","*","160","*","*","*","*","640","*","*","20","*","*","*","*","*"
"Sanger-3904_B/Navarra/RR9043/2012_2012.051_Spain_EuropeSouthWest_YAM","*","*","*","*","<10","*","*","*","40","40","20","<10","2560","*","*","*","*","*","*","*","*","*","*","*","*","*","*","*","10","*","*","*","*","320","*","*","40","*","*","*","*","*"
"Sanger-3906_B/Yaounde/11V-18472/2011_2011.651_Cameroon_AfricaWestern_YAM","*","*","*","*","20","*","*","*","20","40","80","10","40","*","*","*","*","*","*","*","*","*","*","*","*","*","*","*","80","*","*","*","*","320","*","*","10","*","*","*","*","*"
"Sanger-3915_B/Athens-GR/123/2012_2012.086_Greece_EuropeSouthEast_YAM","*","*","*","*","160","*","*","*","320","80","160","1280","2560","*","*","*","*","*","*","*","*","*","*","*","*","*","*","*","1280","*","*","*","*","320","*","*","80","*","*","*","*","*"
"Sanger-3916_B/Athens-GR/132/2012_2012.086_Greece_EuropeSouthEast_YAM","*","*","*","*","40","*","*","*","40","40","40","1280","80","*","*","*","*","*","*","*","*","*","*","*","*","*","*","*","80","*","*","*","*","160","*","*","10","*","*","*","*","*"
"Sanger-3917_B/Athens-GR/199/2012_2012.102_Greece_EuropeSouthEast_YAM","*","*","*","*","160","*","*","*","80","160","320","1280","80","*","*","*","*","*","*","*","*","*","*","*","*","*","*","*","320","*","*","*","*","640","*","*","80","*","*","*","*","*"
"Sanger-3922_B/Novosibirsk/2/2012_2012.122_Russia_AsiaNorthern_YAM","*","*","*","*","80","*","*","*","40","<10","40","80","20","*","*","*","*","*","*","*","*","*","*","*","*","*","*","*","320","*","*","*","*","320","*","*","80","*","*","*","*","*"
"Sanger-3925_B/Norway/777/2012_2012.138_Norway_EuropeNorthern_YAM","*","*","*","*","40","*","*","*","40","40","40","640","2560","*","*","*","*","*","*","*","*","*","*","*","*","*","*","*","160","*","*","*","*","160","*","*","10","*","*","*","*","*"
"Sanger-3928_B/Estonia/67205/2012_2012.272_Estonia_EuropeEastern_YAM","*","*","*","*","160","*","*","*","160","80","80","160","2560","*","*","*","*","*","*","*","*","*","*","*","*","*","*","*","160","*","*","*","*","640","*","*","160","*","*","*","*","*"
"Sanger-3949_B/Lisboa/1/2012_2012.160_Portugal_EuropeSouthWest_YAM","*","*","*","*","40","*","*","*","80","40","160","1280","2560","*","*","*","*","*","*","*","*","*","*","*","*","*","*","*","80","*","*","*","*","160","*","*","40","*","*","*","*","*"
"Sanger-3952_B/Stockholm/2/2012_2012.089_Sweden_EuropeNorthern_YAM","*","*","*","*","160","*","*","*","40","160","160","160","80","*","*","*","*","*","*","*","*","*","*","*","*","*","*","*","320","*","*","*","*","160","*","*","160","*","*","*","*","*"
"Sanger-3954_B/Stockholm/8/2012_2012.179_Sweden_EuropeNorthern_YAM","*","*","*","*","40","*","*","*","80","160","80","1280","80","*","*","*","*","*","*","*","*","*","*","*","*","*","*","*","80","*","*","*","*","20","*","*","40","*","*","*","*","*"
"Sanger-3960_B/Stockholm/9/2012_2012.294_Sweden_EuropeNorthern_YAM","*","*","*","*","20","*","*","*","40","10","20","640","1280","*","*","*","*","*","*","*","*","*","*","*","*","*","*","*","40","*","*","*","*","<10","*","*","20","*","*","*","*","*"
"Sanger-3961_B/Perugia/02/2012_2012.245_Italy_EuropeSouthern_YAM","*","*","*","*","40","*","*","*","40","10","40","20","20","*","*","*","*","*","*","*","*","*","*","*","*","*","*","*","40","*","*","*","*","20","*","*","80","*","*","*","*","*"
"Sanger-3962_B/Milano/05/2012_2012.141_Italy_EuropeSouthern_YAM","*","*","*","*","80","*","*","*","40","10","80","80","2560","*","*","*","*","*","*","*","*","*","*","*","*","*","*","*","160","*","*","*","*","160","*","*","160","*","*","*","*","*"
"Sanger-3963_B/Milano/16/2012_2012.182_Italy_EuropeSouthern_YAM","*","*","*","*","80","*","*","*","40","<40","80","80","2560","*","*","*","*","*","*","*","*","*","*","*","*","*","*","*","80","*","*","*","*","160","*","*","160","*","*","*","*","*"
"Sanger-3964_B/Roma/01/2012_2012.157_Italy_EuropeSouthern_YAM","*","*","*","*","40","*","*","*","40","<40","40","640","1280","*","*","*","*","*","*","*","*","*","*","*","*","*","*","*","40","*","*","*","*","<10","*","*","20","*","*","*","*","*"
"Sanger-3965_B/Ghana/FS12-831/2012_2012.485_Ghana_AfricaWestern_YAM","*","*","*","*","40","*","*","*","40","<40","80","10","1280","*","*","*","*","*","*","*","*","*","*","*","*","*","*","*","20","*","*","*","*","80","*","*","40","*","*","*","*","*"
"Sanger-3966_B/Ghana/DILI12-098/2012_2012.466_Ghana_AfricaWestern_YAM","*","*","*","*","20","*","*","*","20","<40","40","10","40","*","*","*","*","*","*","*","*","*","*","*","*","*","*","*","20","*","*","*","*","80","*","*","20","*","*","*","*","*"
"Sanger-3967_B/Ghana/FS12-808/2012_2012.482_Ghana_AfricaWestern_YAM","*","*","*","*","80","*","*","*","40","<40","80","20","1280","*","*","*","*","*","*","*","*","*","*","*","*","*","*","*","80","*","*","*","*","160","*","*","40","*","*","*","*","*"
"Sanger-3968_B/Ghana/DILI12-102/2012_2012.466_Ghana_AfricaWestern_YAM","*","*","*","*","40","*","*","*","80","<40","80","20","80","*","*","*","*","*","*","*","*","*","*","*","*","*","*","*","40","*","*","*","*","160","*","*","20","*","*","*","*","*"
"Sanger-3985_B/Hong-Kong/3579/2012_2012.449_Hong-Kong_AsiaEast_YAM","*","*","*","*","20","*","*","*","80","<40","80","320","160","*","*","*","*","*","*","*","*","*","*","*","*","*","*","*","20","*","*","*","*","40","*","*","20","*","*","*","*","*"
"Sanger-3986_B/Hong-Kong/3581/2012_2012.449_Hong-Kong_AsiaEast_YAM","*","*","*","*","40","*","*","*","80","40","80","640","5120","*","*","*","*","*","*","*","*","*","*","*","*","*","*","*","80","*","*","*","*","80","*","*","20","*","*","*","*","*"
"Sanger-3988_B/Hong-Kong/3585/2012_2012.480_Hong-Kong_AsiaEast_YAM","*","*","*","*","80","*","*","*","80","<40","80","40","160","*","*","*","*","*","*","*","*","*","*","*","*","*","*","*","80","*","*","*","*","160","*","*","40","*","*","*","*","*"
"Sanger-3993_B/Guyane/1307/2012_2012.184_French-Guiana_AmericaSouth_YAM","*","*","*","*","40","*","*","*","80","<40","80","640","2560","*","*","*","*","*","*","*","*","*","*","*","*","*","*","*","40","*","*","*","*","80","*","*","40","*","*","*","*","*"
"Sanger-3994_B/Lorraine/1408/2012_2012.324_France_EuropeWestern_YAM","*","*","*","*","10","*","*","*","40","<40","40","320","80","*","*","*","*","*","*","*","*","*","*","*","*","*","*","*","20","*","*","*","*","80","*","*","40","*","*","*","*","*"
"Sanger-4010_B/Norway/1165/2012_2012.264_Norway_EuropeNorthern_YAM","*","*","*","*","160","*","*","*","80","40","160","160","5120","*","*","*","*","*","*","*","*","*","*","*","*","*","*","*","320","*","*","*","*","640","*","*","80","*","*","*","*","*"
"Sanger-4012_B/Johannesburg/242/2012_2012.266_South-Africa_AfricaSouthern_YAM","*","*","*","*","160","*","*","*","80","80","160","160","5120","*","*","*","*","*","*","*","*","*","*","*","*","*","*","*","160","*","*","*","*","160","*","*","80","*","*","*","*","*"
"Sanger-4013_B/Johannesburg/3009/2012_2012.392_South-Africa_AfricaSouthern_YAM","*","*","*","*","40","*","*","*","80","80","80","640","2560","*","*","*","*","*","*","*","*","*","*","*","*","*","*","*","40","*","*","*","*","160","*","*","20","*","*","*","*","*"
"Sanger-4015_B/Johannesburg/5564/2012_2012.482_South-Africa_AfricaSouthern_YAM","*","*","*","*","80","*","*","*","80","80","80","80","160","*","*","*","*","*","*","*","*","*","*","*","*","*","*","*","80","*","*","*","*","320","*","*","40","*","*","*","*","*"
"Sanger-4021_B/Linares/34634/2012_2012.348_Chile_AmericaSouth_YAM","*","*","*","*","80","*","*","*","320","40","160","40","320","*","*","*","*","*","*","*","*","*","*","*","*","*","*","*","10","*","*","*","*","160","*","*","40","*","*","*","*","*"
"Sanger-4023_B/Massachusetts/02/2012_2012.198_USA_AmericaNorth_YAM","*","*","*","*","*","*","*","*","640","*","*","320","640","*","*","*","*","1280","*","*","*","*","*","320","*","*","160","*","*","*","*","*","*","640","*","*","320","*","*","*","*","*"
"Sanger-4025_B/Johannesburg/3559/2012_2012.474_South-Africa_AfricaSouthern_YAM","*","*","*","*","80","*","*","*","80","80","160","80","160","*","*","*","*","*","*","*","*","*","*","*","*","*","*","*","80","*","*","*","*","80","*","*","40","*","*","*","*","*"
"Sanger-4038_B/Tucuman/A285/2012_2012.619_Argentina_AmericaSouth_YAM","*","*","*","*","10","*","*","*","80","40","40","640","160","*","*","*","*","*","*","*","*","*","*","*","*","*","*","*","20","*","*","*","*","20","*","*","20","*","*","*","*","*"
"Sanger-4041_B/Buenos-Aires/8833/2012_2012.652_Argentina_AmericaSouth_YAM","*","*","*","*","10","*","*","*","40","<10","20","320","80","*","*","*","*","*","*","*","*","*","*","*","*","*","*","*","20","*","*","*","*","20","*","*","10","*","*","*","*","*"
"Sanger-4042_B/Estonia/55669/2011_2011.199_Estonia_EuropeEastern_YAM","*","*","*","*","*","*","*","*","160","*","*","320","1280","*","*","*","*","320","*","*","*","*","*","160","*","*","320","*","*","*","*","*","*","160","*","*","80","*","*","*","*","*"
"Sanger-4043_B/Novosibirsk/1/2012_2012.122_Russia_AsiaNorthern_YAM","*","*","*","*","*","*","*","*","160","*","*","160","1280","*","*","*","*","320","*","*","*","*","*","640","*","*","160","*","*","*","*","*","*","1280","*","*","160","*","*","*","*","*"
"Sanger-4044_B/Hong-Kong/3577/2012_2012.449_Hong-Kong_AsiaEast_YAM","*","*","*","*","*","*","*","*","160","*","*","640","160","*","*","*","*","640","*","*","*","*","*","1280","*","*","320","*","80","*","*","*","*","160","*","*","160","*","*","*","*","*"
"Sanger-4046_B/Norway/1836/2012_2012.684_Norway_EuropeNorthern_YAM","*","*","*","*","*","*","*","*","160","<10","*","1280","5120","*","*","*","*","1280","*","*","*","*","*","*","*","*","320","*","80","*","*","*","*","80","*","*","20","*","*","*","*","*"
"Sanger-4047_B/Norway/1864/2012_2012.709_Norway_EuropeNorthern_YAM","*","*","*","*","*","*","*","*","160","40","*","160","5120","*","*","*","*","640","*","*","*","*","*","*","*","*","640","*","160","*","*","*","*","320","*","*","40","*","*","*","*","*"
"Sanger-4049_B/Norway/1995/2012_2012.777_Norway_EuropeNorthern_YAM","*","*","*","*","*","*","*","*","160","*","*","320","1280","*","*","*","*","640","*","*","*","*","*","*","*","*","320","*","160","*","*","*","*","320","*","*","160","*","*","*","*","*"
"Sanger-4050_B/Norway/2026/2012_2012.772_Norway_EuropeNorthern_YAM","*","*","*","*","*","*","*","*","80","*","*","320","1280","*","*","*","*","640","*","*","*","*","*","*","*","*","80","*","20","*","*","*","*","20","*","*","20","*","*","*","*","*"
"Sanger-4052_B/Norway/2114/2012_2012.827_Norway_EuropeNorthern_YAM","*","*","*","*","*","*","*","*","80","*","*","320","1280","*","*","*","*","640","*","*","*","*","*","*","*","*","40","*","40","*","*","*","*","20","*","*","20","*","*","*","*","*"
"Sanger-4053_B/Norway/2117/2012_2012.829_Norway_EuropeNorthern_YAM","*","*","*","*","*","*","*","*","80","*","*","160","160","*","*","*","*","1280","*","*","*","*","*","*","*","*","40","*","40","*","*","*","*","160","*","*","10","*","*","*","*","*"
"Sanger-4054_B/Norway/2157/2012_2012.843_Norway_EuropeNorthern_YAM","*","*","*","*","*","*","*","*","80","*","*","160","160","*","*","*","*","640","*","*","*","*","*","*","*","*","40","*","40","*","*","*","*","20","*","*","10","*","*","*","*","*"
"Sanger-4060_B/England/594/2012_2012.829_United-Kingdom_EuropeWestern_YAM","*","*","*","*","*","*","*","*","40","*","*","160","80","*","*","*","*","640","*","*","*","*","*","*","*","*","20","*","10","*","*","*","*","20","*","*","10","*","*","*","*","*"
"Sanger-4063_B/England/580/2012_2012.810_United-Kingdom_EuropeWestern_YAM","*","*","*","*","*","*","*","*","160","*","*","320","2560","*","*","*","*","1280","*","*","*","*","*","*","*","*","40","*","40","*","*","*","*","40","*","*","40","*","*","*","*","*"
"Sanger-4067_B/Denmark/26/2012_2012.903_Denmark_EuropeNorthern_YAM","*","*","*","*","*","*","*","*","40","*","*","160","80","*","*","*","*","640","*","*","*","*","*","*","*","*","20","*","10","*","*","*","*","40","*","*","10","*","*","*","*","*"
"Sanger-4069_B/Denmark/31/2012_2012.930_Denmark_EuropeNorthern_YAM","*","*","*","*","*","*","*","*","80","*","*","160","1280","*","*","*","*","640","*","*","*","*","*","*","*","*","20","*","10","*","*","*","*","40","*","*","10","*","*","*","*","*"
"Sanger-4070_B/Stockholm/14/2012_2012.843_Sweden_EuropeNorthern_YAM","*","*","*","*","*","*","*","*","80","*","*","20","320","*","*","*","*","40","*","*","*","*","*","*","*","*","40","*","10","*","*","*","*","40","*","*","40","*","*","*","*","*"
"Sanger-4074_B/Baden-Wurttemberg/39/2012_2012.816_Germany_EuropeWestern_YAM","*","*","*","*","*","*","*","*","160","*","*","320","320","*","*","*","*","640","*","*","*","*","*","*","*","*","320","*","320","*","*","*","*","320","*","*","160","*","*","*","*","*"
"Sanger-4080_B/England/709/2012_2012.969_United-Kingdom_EuropeWestern_YAM","*","*","*","*","*","*","*","*","40","*","*","10","<40","*","*","*","*","80","*","*","*","*","*","*","*","*","40","*","*","*","*","*","*","40","*","*","20","*","*","*","*","*"
"Sanger-4081_B/England/707/2012_2012.993_United-Kingdom_EuropeWestern_YAM","*","*","*","*","*","*","*","*","80","*","*","320","640","*","*","*","*","640","*","*","*","*","*","*","*","*","40","*","*","*","*","*","*","40","*","*","10","*","*","*","*","*"
"Sanger-4084_B/Lyon/2771/2012_2012.960_France_EuropeWestern_YAM","*","*","*","*","*","*","*","*","40","*","*","320","40","*","*","*","*","320","*","*","*","*","*","*","*","*","40","*","*","*","*","*","*","10","*","*","10","*","*","*","*","*"
"Sanger-4086_B/Baden-Wurttemberg/41/2012_2012.903_Germany_EuropeWestern_YAM","*","*","*","*","*","*","*","*","40","*","*","10","320","*","*","*","*","40","*","*","*","*","*","*","*","*","40","*","*","*","*","*","*","20","*","*","10","*","*","*","*","*"
"Sanger-4089_B/Thuringen/1/2013_2013.018_Austria_EuropeCentral_YAM","*","*","*","*","*","*","*","*","40","*","*","320","640","*","*","*","*","320","*","*","*","*","*","*","*","*","20","*","*","*","*","*","*","40","*","*","10","*","*","*","*","*"
"Sanger-4090_B/England/706/2012_2012.960_United-Kingdom_EuropeWestern_YAM","*","*","*","*","*","*","*","*","40","*","*","40","640","*","*","*","*","80","*","*","*","*","*","*","*","*","20","*","*","*","*","*","*","20","*","*","10","*","*","*","*","*"
"Sanger-4092_B/Saarland/2/2012_2012.960_Germany_EuropeWestern_YAM","*","*","*","*","*","*","*","*","40","*","*","640","1280","*","*","*","*","640","*","*","*","*","*","*","*","*","*","*","10","*","*","*","*","20","*","*","10","*","*","*","*","*"
"Sanger-4093_B/Lisboa/PT/7/2012_2012.903_Portugal_EuropeSouthWest_YAM","*","*","*","*","*","*","*","*","80","*","*","40","1280","*","*","*","*","160","*","*","*","*","*","*","*","*","*","*","40","*","*","*","*","160","*","*","80","*","*","*","*","*"
"Sanger-4096_B/Porto/PT/14/2012_2012.999_Portugal_EuropeSouthWest_YAM","*","*","*","*","*","*","*","*","40","*","*","40","2560","*","*","*","*","160","*","*","*","*","*","*","*","*","*","*","40","*","*","*","*","160","*","*","80","*","*","*","*","*"
"Sanger-4097_B/Lisboa/PT/9/2012_2012.988_Portugal_EuropeSouthWest_YAM","*","*","*","*","*","*","*","*","40","*","*","640","2560","*","*","*","*","640","*","*","*","*","*","*","*","*","*","*","40","*","*","*","*","160","*","*","40","*","*","*","*","*"
"Sanger-4098_B/Braga/PT/12/2012_2012.971_Portugal_EuropeSouthWest_YAM","*","*","*","*","*","*","*","*","40","*","*","320","2560","*","*","*","*","320","*","*","*","*","*","*","*","*","*","*","80","*","*","*","*","160","*","*","80","*","*","*","*","*"
"Sanger-4101_B/Porto/EuroEva38/2013_2013.010_Portugal_EuropeSouthWest_YAM","*","*","*","*","*","*","*","*","20","*","*","10","2560","*","*","*","*","80","*","*","*","*","*","40","*","*","80","*","40","*","*","*","*","160","*","*","<40","*","*","*","*","*"
"Sanger-4103_B/Ghana/ARI-1648/2012_2012.663_Ghana_AfricaWestern_YAM","*","*","*","*","*","*","*","*","40","*","*","80","2560","*","*","*","*","160","*","*","*","*","*","160","*","*","320","*","80","*","*","*","*","160","*","*","80","*","*","*","*","*"
"Sanger-4104_B/Ghana/DILI-0859/2012_2012.799_Ghana_AfricaWestern_YAM","*","*","*","*","*","*","*","*","40","*","*","40","2560","*","*","*","*","320","*","*","*","*","*","320","*","*","320","*","80","*","*","*","*","320","*","*","80","*","*","*","*","*"
"Sanger-4108_B/Pays-de-Loire/1791/2012_2012.884_France_EuropeWestern_YAM","*","*","*","*","*","*","*","*","160","*","*","640","2560","*","*","*","*","640","*","*","*","*","*","320","*","*","80","*","80","*","*","*","*","80","*","*","80","*","*","*","*","*"
"Sanger-4109_B/Caen/1808/2012_2012.876_France_EuropeWestern_YAM","*","*","*","*","*","*","*","*","40","*","*","20","40","*","*","*","*","160","*","*","*","*","*","80","*","*","80","*","40","*","*","*","*","320","*","*","80","*","*","*","*","*"
"Sanger-4110_B/Belgium/G922/2012_2012.933_Belgium_EuropeWestern_YAM","*","*","*","*","*","*","*","*","40","*","*","320","40","*","*","*","*","320","*","*","*","*","*","160","*","*","20","*","10","*","*","*","*","80","*","*","<40","*","*","*","*","*"
"Sanger-4111_B/Norway/2349/2012_2012.903_Norway_EuropeNorthern_YAM","*","*","*","*","*","*","*","*","40","*","*","320","40","*","*","*","*","640","*","*","*","*","*","160","*","*","40","*","10","*","*","*","*","80","*","*","<40","*","*","*","*","*"
"Sanger-4112_B/Switzerland/7587143/2012_2012.941_Switzerland_EuropeCentral_YAM","*","*","*","*","*","*","*","*","20","*","*","40","40","*","*","*","*","160","*","*","*","*","*","160","*","*","160","*","40","*","*","*","*","160","*","*","40","*","*","*","*","*"
"Sanger-4113_B/Switzerland/7628394/2012_2012.960_Switzerland_EuropeCentral_YAM","*","*","*","*","*","*","*","*","40","*","*","40","40","*","*","*","*","160","*","*","*","*","*","80","*","*","80","*","40","*","*","*","*","160","*","*","40","*","*","*","*","*"
"Sanger-4115_B/Parma/03/2012_2012.966_Italy_EuropeSouthern_YAM","*","*","*","*","*","*","*","*","<10","*","*","20","1280","*","*","*","*","80","*","*","*","*","*","160","*","*","80","*","40","*","*","*","*","80","*","*","<40","*","*","*","*","*"
"Sanger-4116_B/Milano/44/2012_2012.960_Italy_EuropeSouthern_YAM","*","*","*","*","*","*","*","*","40","*","*","320","80","*","*","*","*","640","*","*","*","*","*","160","*","*","40","*","20","*","*","*","*","40","*","*","<40","*","*","*","*","*"
"Sanger-4117_B/Ireland/88486/2012_2012.889_Ireland_EuropeWestern_YAM","*","*","*","*","*","*","*","*","40","*","*","320","1280","*","*","*","*","640","*","*","*","*","*","160","*","*","40","*","10","*","*","*","*","80","*","*","<40","*","*","*","*","*"
"Sanger-4118_B/Ireland/90999/2012_2012.900_Ireland_EuropeWestern_YAM","*","*","*","*","*","*","*","*","40","*","*","320","2560","*","*","*","*","640","*","*","*","*","*","320","*","*","40","*","10","*","*","*","*","80","*","*","<40","*","*","*","*","*"
"Sanger-4120_B/Ireland/02490/2013_2013.021_Ireland_EuropeWestern_YAM","*","*","*","*","*","*","*","*","40","*","*","160","640","*","*","*","*","160","*","*","*","*","*","80","*","*","20","*","<10","*","*","*","*","40","*","*","<40","*","*","*","*","*"
"Sanger-4121_B/Latvia/12-32427p/2012_2012.922_Latvia_EuropeEastern_YAM","*","*","*","*","*","*","*","*","40","*","*","80","80","*","*","*","*","160","*","*","*","*","*","160","*","*","160","*","80","*","*","*","*","160","*","*","40","*","*","*","*","*"
"Sanger-4122_B/Latvia/1-40275p/2013_2013.040_Latvia_EuropeEastern_YAM","*","*","*","*","*","*","*","*","40","*","*","320","1280","*","*","*","*","640","*","*","*","*","*","160","*","*","20","*","10","*","*","*","*","80","*","*","<40","*","*","*","*","*"
"Sanger-4123_B/Israel/1/2013_2013.040_Israel_AsiaSouthWest_YAM","*","*","*","*","*","*","*","*","40","*","*","640","2560","*","*","*","*","640","*","*","*","*","*","320","*","*","80","*","20","*","*","*","*","80","*","*","<40","*","*","*","*","*"
"Sanger-4124_B/Pais-Vasco/284/2012_2012.851_Spain_EuropeSouthWest_YAM","*","*","*","*","*","*","*","*","80","*","*","160","2560","*","*","*","*","320","*","*","*","*","*","320","*","*","320","*","160","*","*","*","*","160","*","*","40","*","*","*","*","*"
"Sanger-4125_B/Navarra/304/2012_2012.865_Spain_EuropeSouthWest_YAM","*","*","*","*","*","*","*","*","40","*","*","640","40","*","*","*","*","640","*","*","*","*","*","320","*","*","80","*","20","*","*","*","*","40","*","*","<40","*","*","*","*","*"
"Sanger-4128_B/Norway/2281/2012_2012.870_Norway_EuropeNorthern_YAM","*","*","*","*","*","*","*","*","40","*","*","640","80","*","*","*","*","640","*","*","*","*","*","320","*","*","80","*","20","*","*","*","*","80","*","*","80","*","*","*","*","*"
"Sanger-4129_B/Belgium/G901/2012_2012.908_Belgium_EuropeWestern_YAM","*","*","*","*","*","*","*","*","20","*","*","20","<40","*","*","*","*","80","*","*","*","*","*","160","*","*","80","*","40","*","*","*","*","160","*","*","<40","*","*","*","*","*"
"Sanger-4130_B/Milano/36/2012_2012.925_Italy_EuropeSouthern_YAM","*","*","*","*","*","*","*","*","20","*","*","40","1280","*","*","*","*","160","*","*","*","*","*","80","*","*","160","*","80","*","*","*","*","160","*","*","40","*","*","*","*","*"
"Sanger-4132_B/Athens-GR/11/2013_2013.021_Greece_EuropeSouthEast_YAM","*","*","*","*","*","*","*","*","320","*","*","1280","640","*","*","*","*","1280","*","*","*","*","*","1280","*","*","320","*","640","*","*","*","*","320","*","*","160","*","*","*","*","*"
"Sanger-4134_B/Norway/2476/2012_2012.941_Norway_EuropeNorthern_YAM","*","*","*","*","*","*","*","*","160","*","*","640","2560","*","*","*","*","640","*","*","*","*","*","320","*","*","80","*","80","*","*","*","*","320","*","*","40","*","*","*","*","*"
"Sanger-4135_B/Paris/1828/2012_2012.911_France_EuropeWestern_YAM","*","*","*","*","*","*","*","*","160","*","*","160","20","*","*","*","*","320","*","*","*","*","*","320","*","*","320","*","320","*","*","*","*","640","*","*","160","*","*","*","*","*"
"Sanger-4136_B/Guyane/308/2012_2012.865_French-Guiana_AmericaSouth_YAM","*","*","*","*","*","*","*","*","160","*","*","640","2560","*","*","*","*","640","*","*","*","*","*","320","*","*","40","*","40","*","*","*","*","320","*","*","40","*","*","*","*","*"
"Sanger-4138_B/Parma/01/2013_2013.023_Italy_EuropeSouthern_YAM","*","*","*","*","*","*","*","*","320","*","*","1280","5120","*","*","*","*","640","*","*","*","*","*","640","*","*","80","*","80","*","*","*","*","320","*","*","80","*","*","*","*","*"
"Sanger-4139_B/Trieste/01/2013_2013.037_Italy_EuropeSouthern_YAM","*","*","*","*","*","*","*","*","160","*","*","1280","320","*","*","*","*","640","*","*","*","*","*","320","*","*","80","*","40","*","*","*","*","320","*","*","80","*","*","*","*","*"
"Sanger-4144_B/Bucuresti/131574/2013_2013.037_Romania_EuropeSouthEast_YAM","*","*","*","*","*","*","*","*","320","*","*","1280","320","*","*","*","*","1280","*","*","*","*","*","320","*","*","80","*","40","*","*","*","*","320","*","*","80","*","*","*","*","*"
"Sanger-4147_B/Blida/143/2012_2012.895_Algeria_AfricaNorthern_YAM","*","*","*","*","*","*","*","*","160","*","*","80","80","*","*","*","*","320","*","*","*","*","*","160","*","*","160","*","160","*","*","*","*","640","*","*","160","*","*","*","*","*"
"Sanger-4148_B/Hong-Kong/12/2013_2013.051_Hong-Kong_AsiaEast_YAM","*","*","*","*","*","*","*","*","320","*","*","1280","320","*","*","*","*","1280","*","*","*","*","*","1280","*","*","160","*","160","*","*","*","*","640","*","*","160","*","*","*","*","*"
"Sanger-4149_B/Hong-Kong/3611/2012_2012.903_Hong-Kong_AsiaEast_YAM","*","*","*","*","*","*","*","*","160","*","*","640","2560","*","*","*","*","1280","*","*","*","*","*","320","*","*","80","*","40","*","*","*","*","320","*","*","80","*","*","*","*","*"
"Sanger-4152_B/Netherlands/521/2012_2012.911_Netherlands_EuropeWestern_YAM","*","*","*","*","*","*","*","*","320","*","*","1280","320","*","*","*","*","1280","*","*","*","*","*","640","*","*","80","*","80","*","*","*","*","80","*","*","80","*","*","*","*","*"
"Sanger-4153_B/Netherlands/039/2012_2013.010_Netherlands_EuropeWestern_YAM","*","*","*","*","*","*","*","*","320","*","*","640","2560","*","*","*","*","1280","*","*","*","*","*","640","*","*","80","*","40","*","*","*","*","320","*","*","80","*","*","*","*","*"
